<?xml version="1.0" encoding="UTF-8"?>

<channel name="thunar" version="1.0">
  <property name="last-view" type="string" value="ThunarIconView"/>
  <property name="misc-single-click" type="bool" value="false"/>
  <property name="default-view" type="string" value="ThunarIconView"/>
  <property name="misc-thumbnail-mode" type="string" value="THUNAR_THUMBNAIL_MODE_ALWAYS"/>
  <property name="misc-middle-click-in-tab" type="bool" value="true"/>
  <property name="misc-volume-management" type="bool" value="false"/>
  <property name="last-icon-view-zoom-level" type="string" value="THUNAR_ZOOM_LEVEL_NORMAL"/>
  <property name="last-separator-position" type="int" value="170"/>
  <property name="last-show-hidden" type="bool" value="true"/>
</channel>
