<?xml version="1.0" encoding="UTF-8"?>

<channel name="xfce4-panel" version="1.0">
  <property name="configver" type="int" value="2"/>
  <property name="panels" type="array">
    <value type="int" value="1"/>
    <value type="int" value="2"/>
    <property name="panel-1" type="empty">
      <property name="position" type="string" value="p=8;x=960;y=1064"/>
      <property name="length" type="uint" value="100"/>
      <property name="position-locked" type="bool" value="true"/>
      <property name="size" type="uint" value="34"/>
      <property name="plugin-ids" type="array">
        <value type="int" value="1"/>
        <value type="int" value="27"/>
        <value type="int" value="34"/>
        <value type="int" value="35"/>
        <value type="int" value="26"/>
        <value type="int" value="25"/>
        <value type="int" value="19"/>
        <value type="int" value="7"/>
        <value type="int" value="33"/>
        <value type="int" value="28"/>
        <value type="int" value="32"/>
        <value type="int" value="3"/>
        <value type="int" value="15"/>
        <value type="int" value="23"/>
        <value type="int" value="21"/>
        <value type="int" value="16"/>
        <value type="int" value="4"/>
        <value type="int" value="17"/>
        <value type="int" value="20"/>
        <value type="int" value="22"/>
        <value type="int" value="5"/>
        <value type="int" value="31"/>
        <value type="int" value="6"/>
        <value type="int" value="2"/>
      </property>
      <property name="background-alpha" type="uint" value="30"/>
    </property>
    <property name="panel-2" type="empty">
      <property name="position" type="string" value="p=5;x=25;y=521"/>
      <property name="position-locked" type="bool" value="true"/>
      <property name="plugin-ids" type="array">
        <value type="int" value="8"/>
        <value type="int" value="9"/>
        <value type="int" value="10"/>
        <value type="int" value="11"/>
        <value type="int" value="12"/>
        <value type="int" value="13"/>
      </property>
      <property name="mode" type="uint" value="1"/>
      <property name="background-alpha" type="uint" value="0"/>
      <property name="size" type="uint" value="62"/>
      <property name="disable-struts" type="bool" value="true"/>
    </property>
  </property>
  <property name="plugins" type="empty">
    <property name="plugin-2" type="string" value="actions"/>
    <property name="plugin-3" type="string" value="tasklist"/>
    <property name="plugin-15" type="string" value="separator">
      <property name="expand" type="bool" value="true"/>
      <property name="style" type="uint" value="0"/>
    </property>
    <property name="plugin-4" type="string" value="pager"/>
    <property name="plugin-5" type="string" value="clock"/>
    <property name="plugin-6" type="string" value="systray">
      <property name="names-visible" type="array">
        <value type="string" value="netzwerk-manager-applet"/>
        <value type="string" value="pamac-tray"/>
      </property>
    </property>
    <property name="plugin-8" type="string" value="separator">
      <property name="style" type="uint" value="1"/>
    </property>
    <property name="plugin-9" type="string" value="launcher">
      <property name="items" type="array">
        <value type="string" value="15163572621.desktop"/>
      </property>
    </property>
    <property name="plugin-10" type="string" value="launcher">
      <property name="items" type="array">
        <value type="string" value="15163572622.desktop"/>
      </property>
    </property>
    <property name="plugin-11" type="string" value="launcher">
      <property name="items" type="array">
        <value type="string" value="15163631792.desktop"/>
      </property>
    </property>
    <property name="plugin-12" type="string" value="launcher">
      <property name="items" type="array">
        <value type="string" value="15163572624.desktop"/>
      </property>
    </property>
    <property name="plugin-13" type="string" value="separator">
      <property name="style" type="uint" value="1"/>
    </property>
    <property name="plugin-1" type="string" value="whiskermenu"/>
    <property name="plugin-16" type="string" value="windowmenu"/>
    <property name="plugin-17" type="string" value="thunar-tpa"/>
    <property name="plugin-19" type="string" value="xfce4-notes-plugin"/>
    <property name="plugin-20" type="string" value="pulseaudio">
      <property name="enable-keyboard-shortcuts" type="bool" value="true"/>
    </property>
    <property name="plugin-21" type="string" value="xfce4-sensors-plugin"/>
    <property name="plugin-22" type="string" value="xkb">
      <property name="display-type" type="uint" value="1"/>
      <property name="display-name" type="uint" value="1"/>
      <property name="display-scale" type="uint" value="58"/>
      <property name="group-policy" type="uint" value="0"/>
    </property>
    <property name="plugin-23" type="string" value="separator"/>
    <property name="plugin-25" type="string" value="launcher">
      <property name="items" type="array">
        <value type="string" value="151636108215.desktop"/>
      </property>
    </property>
    <property name="plugin-26" type="string" value="launcher">
      <property name="items" type="array">
        <value type="string" value="151636105914.desktop"/>
      </property>
    </property>
    <property name="plugin-27" type="string" value="launcher">
      <property name="items" type="array">
        <value type="string" value="151636034612.desktop"/>
      </property>
    </property>
    <property name="plugin-28" type="string" value="launcher">
      <property name="items" type="array">
        <value type="string" value="151636056013.desktop"/>
        <value type="string" value="15163602086.desktop"/>
        <value type="string" value="15163602397.desktop"/>
        <value type="string" value="15163602498.desktop"/>
        <value type="string" value="15163602759.desktop"/>
        <value type="string" value="151636029210.desktop"/>
        <value type="string" value="151636032411.desktop"/>
      </property>
      <property name="disable-tooltips" type="bool" value="true"/>
      <property name="show-label" type="bool" value="true"/>
      <property name="arrow-position" type="uint" value="1"/>
    </property>
    <property name="plugin-31" type="string" value="wavelan"/>
    <property name="plugin-32" type="string" value="separator"/>
    <property name="plugin-33" type="string" value="separator"/>
    <property name="plugin-34" type="string" value="launcher">
      <property name="items" type="array">
        <value type="string" value="151636138216.desktop"/>
      </property>
    </property>
    <property name="plugin-35" type="string" value="launcher">
      <property name="items" type="array">
        <value type="string" value="151636146517.desktop"/>
      </property>
    </property>
    <property name="plugin-7" type="string" value="launcher">
      <property name="items" type="array">
        <value type="string" value="15163629001.desktop"/>
      </property>
    </property>
  </property>
</channel>
