<?xml version="1.0" encoding="UTF-8"?>

<channel name="xfce4-panel" version="1.0">
  <property name="configver" type="int" value="2"/>
  <property name="panels" type="array">
    <value type="int" value="1"/>
    <value type="int" value="2"/>
    <property name="panel-1" type="empty">
      <property name="position" type="string" value="p=8;x=960;y=1064"/>
      <property name="length" type="uint" value="100"/>
      <property name="position-locked" type="bool" value="true"/>
      <property name="size" type="uint" value="35"/>
      <property name="plugin-ids" type="array">
        <value type="int" value="1"/>
        <value type="int" value="24"/>
        <value type="int" value="16"/>
        <value type="int" value="14"/>
        <value type="int" value="25"/>
        <value type="int" value="7"/>
        <value type="int" value="8"/>
        <value type="int" value="22"/>
        <value type="int" value="23"/>
        <value type="int" value="13"/>
        <value type="int" value="3"/>
        <value type="int" value="15"/>
        <value type="int" value="18"/>
        <value type="int" value="19"/>
        <value type="int" value="20"/>
        <value type="int" value="4"/>
        <value type="int" value="21"/>
        <value type="int" value="17"/>
        <value type="int" value="6"/>
        <value type="int" value="26"/>
        <value type="int" value="5"/>
        <value type="int" value="2"/>
      </property>
      <property name="background-alpha" type="uint" value="69"/>
    </property>
    <property name="panel-2" type="empty">
      <property name="position" type="string" value="p=5;x=166;y=499"/>
      <property name="position-locked" type="bool" value="true"/>
      <property name="plugin-ids" type="array">
        <value type="int" value="9"/>
        <value type="int" value="10"/>
        <value type="int" value="11"/>
        <value type="int" value="12"/>
      </property>
      <property name="mode" type="uint" value="2"/>
      <property name="autohide-behavior" type="uint" value="1"/>
      <property name="size" type="uint" value="63"/>
      <property name="background-alpha" type="uint" value="0"/>
      <property name="leave-opacity" type="uint" value="100"/>
      <property name="enter-opacity" type="uint" value="100"/>
    </property>
  </property>
  <property name="plugins" type="empty">
    <property name="plugin-2" type="string" value="actions"/>
    <property name="plugin-3" type="string" value="tasklist"/>
    <property name="plugin-15" type="string" value="separator">
      <property name="expand" type="bool" value="true"/>
      <property name="style" type="uint" value="0"/>
    </property>
    <property name="plugin-4" type="string" value="pager"/>
    <property name="plugin-5" type="string" value="clock">
      <property name="digital-format" type="string" value="%T"/>
      <property name="mode" type="uint" value="2"/>
    </property>
    <property name="plugin-6" type="string" value="systray">
      <property name="names-visible" type="array">
        <value type="string" value="networkmanager applet"/>
        <value type="string" value="pamac-tray"/>
        <value type="string" value="thunar"/>
      </property>
    </property>
    <property name="plugin-9" type="string" value="launcher">
      <property name="items" type="array">
        <value type="string" value="15171371191.desktop"/>
      </property>
    </property>
    <property name="plugin-10" type="string" value="launcher">
      <property name="items" type="array">
        <value type="string" value="15171371192.desktop"/>
      </property>
    </property>
    <property name="plugin-11" type="string" value="launcher">
      <property name="items" type="array">
        <value type="string" value="15171375656.desktop"/>
      </property>
    </property>
    <property name="plugin-12" type="string" value="launcher">
      <property name="items" type="array">
        <value type="string" value="15171371194.desktop"/>
      </property>
    </property>
    <property name="plugin-1" type="string" value="whiskermenu"/>
    <property name="plugin-7" type="string" value="launcher">
      <property name="items" type="array">
        <value type="string" value="151713934215.desktop"/>
      </property>
    </property>
    <property name="plugin-8" type="string" value="launcher">
      <property name="items" type="array">
        <value type="string" value="151713935116.desktop"/>
      </property>
    </property>
    <property name="plugin-13" type="string" value="launcher">
      <property name="items" type="array">
        <value type="string" value="151713927114.desktop"/>
        <value type="string" value="15171390363.desktop"/>
        <value type="string" value="15171390544.desktop"/>
        <value type="string" value="15171390685.desktop"/>
        <value type="string" value="15171390766.desktop"/>
        <value type="string" value="15171390977.desktop"/>
        <value type="string" value="15171391048.desktop"/>
        <value type="string" value="15171391159.desktop"/>
        <value type="string" value="151713912710.desktop"/>
        <value type="string" value="151713914311.desktop"/>
        <value type="string" value="151713918812.desktop"/>
        <value type="string" value="151713919313.desktop"/>
      </property>
      <property name="show-label" type="bool" value="true"/>
      <property name="arrow-position" type="uint" value="1"/>
    </property>
    <property name="plugin-14" type="string" value="launcher">
      <property name="items" type="array">
        <value type="string" value="15171390222.desktop"/>
      </property>
    </property>
    <property name="plugin-16" type="string" value="launcher">
      <property name="items" type="array">
        <value type="string" value="15171389851.desktop"/>
      </property>
    </property>
    <property name="plugin-17" type="string" value="pulseaudio">
      <property name="enable-keyboard-shortcuts" type="bool" value="true"/>
    </property>
    <property name="plugin-19" type="string" value="xfce4-sensors-plugin"/>
    <property name="plugin-20" type="string" value="separator"/>
    <property name="plugin-21" type="string" value="thunar-tpa"/>
    <property name="plugin-22" type="string" value="launcher">
      <property name="items" type="array">
        <value type="string" value="151713937817.desktop"/>
      </property>
    </property>
    <property name="plugin-23" type="string" value="launcher">
      <property name="items" type="array">
        <value type="string" value="151713939118.desktop"/>
      </property>
    </property>
    <property name="plugin-24" type="string" value="separator"/>
    <property name="plugin-25" type="string" value="launcher">
      <property name="items" type="array">
        <value type="string" value="151713958919.desktop"/>
      </property>
    </property>
    <property name="plugin-18" type="string" value="separator"/>
    <property name="plugin-26" type="string" value="xkb">
      <property name="display-type" type="uint" value="1"/>
      <property name="display-scale" type="uint" value="70"/>
      <property name="group-policy" type="uint" value="0"/>
    </property>
  </property>
</channel>
